日期,成交仟股,成交仟元,開盤,最高,最低,收盤,漲跌,筆數
106/01/17,928,36833,39.7,39.78,39.51,39.69,0.13,225
106/01/18,601,23856,39.66,39.72,39.65,39.65,-0.04,114
106/01/19,1001,39362,39.5,39.5,39.26,39.35,-0.3,102
106/01/20,261,10177,39.05,39.06,38.92,38.92,-0.43,73
106/01/23,338,13172,38.93,38.99,38.88,38.88,-0.04,39
106/01/24,861,33637,39.07,39.11,39.02,39.09,0.21,85
106/02/02,639,24503,38.36,38.37,38.28,38.37,-0.72,54
106/02/03,1286,49040,38.18,38.19,38.09,38.13,-0.24,87
106/02/06,833,31631,38.01,38.01,37.9,37.96,-0.17,78
106/02/07,399,15302,38.27,38.37,38.25,38.34,0.38,53
106/02/08,416,16063,38.5,38.64,38.5,38.59,0.25,49
106/02/09,474,18501,39.08,39.08,38.94,38.95,0.36,63
106/02/10,348,13455,38.67,38.67,38.61,38.63,-0.32,36
106/02/13,361,13910,38.55,38.55,38.47,38.51,-0.12,32
106/02/14,351,13417,38.34,38.34,38.18,38.2,-0.31,53
106/02/15,492,18646,38.01,38.01,37.8,37.81,-0.39,79
106/02/16,339,12788,37.74,37.81,37.7,37.8,-0.01,33
106/02/17,78,2956,37.87,37.92,37.87,37.89,0.09,30
106/02/18,25,954,37.94,38.2,37.94,38.12,0.23,21
106/02/20,106,4041,38.14,38.15,38.09,38.09,-0.03,13
106/02/21,61,2321,38.03,38.09,38.02,38.06,-0.03,21
106/02/22,310,11773,37.98,38.0,37.92,37.98,-0.08,50
106/02/23,18,687,38.09,38.18,38.09,38.18,0.2,14
106/02/24,197,7518,38.14,38.21,38.14,38.17,-0.01,22
106/03/01,251,9584,38.23,38.25,38.15,38.16,-0.01,31
106/03/02,382,14491,37.9,37.99,37.87,37.97,-0.19,40
106/03/03,1299,49491,37.97,38.16,37.97,38.12,0.15,33
106/03/06,25,955,38.16,38.22,38.16,38.18,0.06,15
106/03/07,285,10821,37.96,37.99,37.9,37.9,-0.28,45
106/03/08,133,5023,37.77,37.82,37.75,37.75,-0.15,57
106/03/09,203,7647,37.7,37.7,37.62,37.67,-0.08,38
106/03/10,150,5624,37.52,37.55,37.47,37.51,-0.16,53
106/03/13,45,1680,37.44,37.53,37.44,37.52,0.01,25
106/03/14,557,20768,37.32,37.32,37.22,37.32,-0.2,55
106/03/15,1805,67555,37.49,37.49,37.4,37.42,0.1,80
106/03/16,1801,67723,37.76,37.77,37.52,37.6,0.18,95
106/03/17,1569,58517,37.27,37.33,37.22,37.3,-0.3,98
106/03/20,316,11835,37.6,37.6,37.44,37.45,0.15,73
106/03/21,3044,113979,37.45,37.51,37.41,37.49,0.04,108
106/03/22,2107,79992,37.67,38.0,37.67,37.95,0.46,114
106/03/23,1588,60355,38.06,38.06,37.93,38.0,0.05,52
106/03/24,928,35178,37.94,37.94,37.86,37.9,-0.1,33
106/03/27,844,32172,38.1,38.12,38.06,38.07,0.17,46
106/03/28,1458,55236,37.98,37.99,37.84,37.9,-0.17,58
106/03/29,2550,96003,37.7,37.7,37.62,37.69,-0.21,94
106/03/30,3109,118041,37.74,38.0,37.74,38.0,0.31,265
106/03/31,12347,467231,37.82,37.88,37.81,37.83,-0.17,430
106/04/05,1764,67244,37.99,38.2,37.99,38.15,0.32,225
106/04/06,2254,86244,38.16,38.33,38.11,38.33,0.18,172
106/04/07,6866,264914,38.33,38.67,38.31,38.53,0.2,196
106/04/10,12865,493278,38.43,38.43,38.3,38.37,-0.16,171
106/04/11,8231,317993,38.45,38.67,38.42,38.58,0.21,152
106/04/12,127,4945,38.97,39.0,38.85,38.85,0.27,70
106/04/13,70,2717,38.85,38.95,38.7,38.72,-0.13,32
106/04/14,60,2327,38.8,38.96,38.75,38.77,0.05,50
106/04/17,87,3377,38.77,38.86,38.77,38.83,0.06,75
106/04/18,1075,41634,38.65,38.79,38.65,38.75,-0.08,66
106/04/19,1666,65169,39.0,39.14,38.99,39.08,0.33,99
106/04/20,1878,73346,39.08,39.08,39.03,39.08,0.0,78
106/04/21,1649,64004,38.86,38.86,38.8,38.83,-0.25,103
106/04/24,1664,63777,38.25,38.34,38.25,38.33,-0.5,77
106/04/25,1457,55956,38.32,38.42,38.32,38.4,0.07,55
106/04/26,1274,48216,37.88,37.89,37.76,37.85,-0.55,125
106/04/27,1292,49116,37.9,38.04,37.9,38.03,0.18,138
106/04/28,1618,61753,38.1,38.2,38.1,38.19,0.16,283
106/05/02,2294,86651,37.97,37.97,37.7,37.79,-0.4,301
106/05/03,4140,156880,37.87,37.92,37.81,37.89,0.1,223
106/05/04,3688,140141,37.89,38.01,37.89,37.99,0.1,158
106/05/05,2565,97218,37.92,37.98,37.88,37.94,-0.05,133
106/05/08,1421,53864,37.94,37.95,37.89,37.9,-0.04,105
106/05/09,1338,50576,37.9,37.9,37.76,37.82,-0.08,121
106/05/10,3503,132695,37.84,37.89,37.84,37.88,0.06,210
106/05/11,3787,143117,37.86,37.86,37.76,37.81,-0.07,196
106/05/12,4047,153005,37.76,37.83,37.75,37.82,0.01,103
106/05/15,1900,72029,37.85,37.95,37.85,37.92,0.1,155
106/05/16,3429,129822,37.76,37.87,37.76,37.87,-0.05,104
106/05/17,3648,138971,37.97,38.12,37.97,38.09,0.22,147
106/05/18,6049,233358,38.5,38.63,38.48,38.59,0.5,238
106/05/19,3313,128361,38.68,38.79,38.63,38.63,0.04,140
106/05/22,757,29075,38.63,38.65,38.35,38.38,-0.25,85
106/05/23,2902,111902,38.38,38.61,38.38,38.58,0.2,124
106/05/24,2406,92487,38.47,38.48,38.41,38.44,-0.14,97
106/05/25,2141,82301,38.44,38.46,38.42,38.43,-0.01,97
106/05/26,482,18563,38.43,38.53,38.43,38.49,0.06,98
106/05/31,3730,144440,38.5,38.76,38.5,38.74,0.25,97
106/06/01,3901,151441,38.73,38.84,38.73,38.82,0.08,142
106/06/02,4075,158396,38.81,38.9,38.79,38.89,0.07,176
106/06/03,139,5432,38.9,39.1,38.9,39.1,0.21,54
106/06/05,2479,97259,39.15,39.26,39.15,39.22,0.12,163
106/06/06,2717,106336,39.19,39.19,39.1,39.14,-0.08,131
106/06/07,2457,96387,39.18,39.25,39.17,39.24,0.1,141
106/06/08,2538,99129,39.21,39.21,39.04,39.16,-0.08,94
106/06/09,3182,124143,39.06,39.06,38.97,39.03,-0.13,161
106/06/12,3940,153517,39.03,39.03,38.91,38.95,-0.08,133
106/06/13,3717,145060,38.95,39.1,38.95,39.06,0.11,182
106/06/14,4622,181034,39.06,39.18,39.06,39.13,0.07,209
106/06/15,4469,177722,39.5,39.79,39.5,39.77,0.64,290
106/06/16,5214,207476,39.66,39.9,39.66,39.9,0.13,306
106/06/19,3993,159151,39.85,39.88,39.81,39.88,-0.02,295
106/06/20,7376,294335,39.8,39.95,39.8,39.95,0.07,324
106/06/21,2657,106972,40.15,40.33,40.15,40.3,0.35,154
106/06/22,8784,355065,40.3,40.46,40.2,40.45,0.15,154
106/06/23,5690,229901,40.45,40.45,40.3,40.38,-0.07,142
106/06/26,7080,284887,40.38,40.38,40.2,40.21,-0.17,181
106/06/27,4449,179789,40.3,40.45,40.3,40.42,0.21,176
106/06/28,5735,230289,40.38,40.38,40.05,40.05,-0.37,225
106/06/29,542,21653,40.46,40.46,39.84,39.87,-0.18,209
106/06/30,409,16214,39.74,39.74,39.51,39.52,-0.35,162
106/07/03,1240,48838,39.44,39.44,39.37,39.38,-0.14,43
106/07/04,3802,149881,39.3,39.47,39.3,39.47,0.09,52
106/07/05,1340,52901,39.47,39.51,39.47,39.47,0.0,25
106/07/06,1325,52418,39.53,39.58,39.53,39.56,0.09,38
106/07/07,2015,78994,39.3,39.3,39.15,39.15,-0.41,86
106/07/10,2179,84940,39.1,39.1,38.94,38.96,-0.19,60
106/07/11,2182,85157,39.03,39.08,39.0,39.0,0.04,69
106/07/12,2748,107152,39.05,39.05,38.95,38.98,-0.02,78
106/07/13,2175,85129,39.2,39.2,39.12,39.13,0.15,34
106/07/14,2194,85369,39.0,39.0,38.88,38.92,-0.21,54
106/07/17,1847,71867,38.93,38.93,38.9,38.92,0.0,37
106/07/18,1813,70786,39.09,39.1,39.03,39.1,0.18,28
106/07/19,1835,72286,39.36,39.41,39.34,39.4,0.3,43
106/07/20,1863,73613,39.43,39.53,39.43,39.51,0.11,29
106/07/21,1823,72386,39.64,39.73,39.64,39.7,0.19,24
106/07/24,1966,78208,39.85,39.85,39.74,39.74,0.04,58
106/07/25,1864,73579,39.58,39.58,39.46,39.48,-0.26,50
106/07/26,1917,74764,39.1,39.1,38.96,39.02,-0.46,61
106/07/27,2561,99757,39.04,39.04,38.87,38.9,-0.12,88
106/07/28,2270,88160,38.84,38.86,38.82,38.85,-0.05,73
106/07/31,1852,72220,39.05,39.05,38.98,38.98,0.13,32
106/08/01,1879,72900,38.88,38.88,38.79,38.8,-0.18,56
106/08/02,1902,74559,39.12,39.22,39.12,39.2,0.4,38
106/08/03,1844,72489,39.32,39.39,39.27,39.3,0.1,28
106/08/04,1881,74413,39.52,39.6,39.52,39.54,0.24,48
106/08/07,1835,72037,39.33,39.33,39.24,39.25,-0.29,38
106/08/08,1357,53366,39.35,39.35,39.28,39.29,0.04,31
106/08/09,1823,71755,39.33,39.39,39.33,39.39,0.1,24
106/08/10,1845,72955,39.44,39.57,39.42,39.56,0.17,25
106/08/11,1954,78083,40.0,40.02,39.9,39.9,0.34,56
106/08/14,1854,73711,39.83,39.83,39.72,39.72,-0.18,44
106/08/15,1845,72977,39.69,39.69,39.51,39.51,-0.21,41
106/08/16,1838,72608,39.5,39.52,39.48,39.52,0.01,20
106/08/17,1814,71985,39.62,39.72,39.62,39.7,0.18,16
106/08/18,1852,74008,39.96,39.98,39.94,39.98,0.28,29
106/08/21,1832,73249,39.98,40.0,39.95,40.0,0.02,25
106/08/22,1831,73240,40.0,40.01,39.99,39.99,-0.01,34
106/08/23,2190,86756,39.57,39.85,39.5,39.52,-0.01,55
106/08/24,1833,72685,39.52,39.75,39.52,39.7,0.18,25
106/08/25,1327,52514,39.68,39.68,39.57,39.57,-0.13,31
106/08/28,1873,73979,39.57,39.57,39.49,39.5,-0.07,38
106/08/29,1837,72941,39.71,39.71,39.7,39.7,0.2,29
106/08/30,1846,73077,39.61,39.61,39.56,39.6,-0.1,24
106/08/31,816,32322,39.6,39.7,39.6,39.7,0.1,15
106/09/01,816,32359,39.7,39.72,39.63,39.65,-0.05,17
106/09/04,841,33174,39.64,39.64,39.42,39.44,-0.21,31
106/09/05,842,33204,39.37,39.48,39.37,39.46,0.02,24
106/09/06,1864,74410,39.72,40.0,39.72,39.96,0.5,47
106/09/07,1881,74756,39.9,39.9,39.71,39.72,-0.24,43
106/09/08,1972,78889,40.03,40.1,39.97,40.1,0.38,51
106/09/11,1876,74599,39.8,39.8,39.75,39.77,-0.33,45
106/09/12,1949,77016,39.64,39.64,39.49,39.5,-0.27,76
106/09/13,1910,75223,39.5,39.5,39.33,39.41,-0.09,47
106/09/14,1970,77468,39.35,39.36,39.3,39.31,-0.1,82
106/09/15,1855,73155,39.45,39.46,39.42,39.43,0.12,36
106/09/18,1867,73443,39.33,39.36,39.28,39.36,-0.07,47
106/09/19,1872,73604,39.36,39.36,39.3,39.31,-0.05,51
106/09/20,1910,74935,39.28,39.29,39.2,39.23,-0.08,71
106/09/21,1254,49232,39.23,39.31,39.23,39.29,0.06,28
106/09/22,2126,83908,39.34,39.51,39.34,39.45,0.16,55
106/09/25,2040,80478,39.45,39.48,39.44,39.48,0.03,33
106/09/26,2158,85511,39.63,39.65,39.61,39.65,0.17,40
106/09/27,2020,80008,39.62,39.63,39.59,39.59,-0.06,37
106/09/28,1819,71058,39.24,39.24,39.0,39.07,-0.52,147
106/09/29,3033,118634,39.06,39.15,39.06,39.11,0.04,71
106/09/30,27,1062,39.3,39.3,39.1,39.29,0.18,18
106/10/02,1930,75376,39.24,39.24,38.99,39.12,-0.17,43
106/10/03,1890,74016,39.2,39.2,39.14,39.15,0.03,32
106/10/05,3028,118414,39.15,39.15,39.09,39.09,-0.06,70
106/10/06,1945,75884,39.08,39.1,39.0,39.1,0.01,66
106/10/11,1974,76773,39.15,39.15,38.87,38.91,-0.19,116
106/10/12,2087,81163,38.9,38.91,38.87,38.88,-0.03,78
106/10/13,1909,74430,39.0,39.03,38.94,38.98,0.1,43
106/10/16,1888,73990,39.16,39.22,39.13,39.22,0.24,40
106/10/17,1839,72167,39.26,39.27,39.22,39.23,0.01,43
106/10/18,1870,73610,39.32,39.4,39.32,39.4,0.17,28
106/10/19,1854,72479,39.11,39.12,39.04,39.11,-0.29,26
106/10/20,2036,79451,39.17,39.19,38.99,39.06,-0.05,70
106/10/23,2226,86667,39.4,39.4,38.85,38.92,-0.14,97
106/10/24,1904,74048,38.92,38.94,38.87,38.89,-0.03,55
106/10/25,2509,96956,38.73,38.73,38.62,38.64,-0.25,146
106/10/26,1937,74613,38.5,38.61,38.5,38.61,-0.03,70
106/10/27,2424,93027,38.51,38.51,38.35,38.39,-0.22,251
106/10/30,1975,76193,38.56,38.62,38.52,38.6,0.21,44
106/10/31,1860,72240,38.7,38.89,38.7,38.83,0.23,50
106/11/01,1897,73656,38.83,38.84,38.81,38.82,-0.01,46
106/11/02,1912,74711,39.0,39.1,38.98,39.06,0.24,58
106/11/03,2015,79071,39.15,39.26,39.15,39.24,0.18,52
106/11/06,1885,74028,39.24,39.29,39.24,39.29,0.05,44
106/11/07,1870,73671,39.4,39.41,39.35,39.4,0.11,49
106/11/08,1953,77371,39.4,39.64,39.4,39.63,0.23,74
106/11/09,1948,76867,39.61,39.61,39.41,39.42,-0.21,31
106/11/10,1939,76210,39.32,39.32,39.25,39.25,-0.17,32
106/11/13,1886,73528,39.02,39.02,38.95,38.98,-0.27,50
106/11/14,1917,74636,39.0,39.0,38.91,38.95,-0.03,44
106/11/15,1838,72075,39.17,39.22,39.17,39.19,0.24,31
106/11/16,1855,73129,39.39,39.48,39.38,39.44,0.25,48
106/11/17,2067,81055,39.17,39.25,39.14,39.23,-0.21,53
106/11/20,961,37956,39.4,39.54,39.4,39.5,0.27,53
106/11/21,857,33776,39.5,39.5,39.39,39.42,-0.08,26
106/11/22,2019,79493,39.45,39.45,39.31,39.31,-0.11,53
106/11/23,2027,79583,39.31,39.32,39.16,39.16,0.13,36
106/11/24,1809,70875,39.17,39.21,39.16,39.21,0.05,20
106/11/27,1909,74745,39.09,39.2,39.09,39.16,-0.05,35
106/11/28,1878,73478,39.16,39.17,39.1,39.14,-0.02,26
106/11/29,1870,73289,39.14,39.21,39.14,39.2,0.06,31
106/11/30,2083,80718,38.8,38.82,38.72,38.74,-0.46,148
106/12/01,1850,71728,38.7,38.83,38.7,38.8,0.06,41
106/12/04,1808,70459,39.0,39.0,38.96,38.98,0.18,17
106/12/05,1837,71846,39.08,39.14,39.05,39.05,0.07,36
106/12/06,1908,75011,39.34,39.35,39.3,39.34,0.29,53
106/12/07,1822,71684,39.36,39.36,39.3,39.32,-0.02,36
106/12/08,1831,71777,39.24,39.24,39.16,39.22,-0.1,33
106/12/11,1809,70775,39.12,39.12,39.1,39.11,-0.11,23
106/12/12,1819,71231,39.11,39.19,39.11,39.15,0.04,22
106/12/13,1821,71334,39.12,39.21,39.12,39.21,0.06,17
106/12/14,2798,109991,39.3,39.38,39.27,39.31,0.1,37
106/12/15,2255,88946,39.4,39.46,39.38,39.38,0.07,42
106/12/18,3578,141493,39.46,39.58,39.46,39.55,0.17,112
106/12/19,814,31969,39.28,39.28,39.27,39.27,-0.28,15
106/12/20,2068,80265,39.1,39.1,38.79,38.8,-0.47,160
106/12/21,2423,93142,38.8,38.8,38.4,38.51,-0.29,200
106/12/22,1850,71413,38.51,38.64,38.51,38.61,0.1,46
106/12/25,1886,72863,38.76,38.76,38.59,38.62,0.01,38
106/12/26,2007,77095,38.62,38.62,38.41,38.42,-0.2,84
106/12/27,2635,101810,38.63,38.67,38.6,38.62,0.2,55
106/12/28,1925,75063,38.98,39.06,38.91,39.01,0.39,37
106/12/29,2127,82554,38.79,38.9,38.73,38.87,-0.14,35
107/01/02,923,35836,38.9,38.94,38.78,38.84,-0.03,27
107/01/03,948,36361,38.39,38.4,38.31,38.37,-0.47,156
107/01/04,486,18708,38.48,38.52,38.48,38.5,0.13,34
107/01/05,1133,43608,38.5,38.52,38.45,38.45,-0.05,56
107/01/08,894,34240,38.41,38.41,38.25,38.31,-0.14,99
107/01/09,1054,40393,38.31,38.36,38.31,38.31,0.0,62
107/01/10,1203,45579,37.98,37.99,37.8,37.9,-0.41,232
107/01/11,3014,114230,37.9,38.0,37.87,37.98,0.08,76
107/01/12,3543,134670,37.98,38.05,37.96,38.01,0.03,92
107/01/15,5373,204975,38.15,38.17,38.13,38.16,0.15,99
107/01/16,515,19654,38.2,38.2,38.1,38.2,0.04,47
107/01/17,3540,135391,38.21,38.25,38.16,38.17,-0.03,92
107/01/18,1465,55823,38.17,38.17,38.09,38.13,-0.04,52
107/01/19,957,35980,37.86,37.86,37.54,37.56,-0.57,283
107/01/22,2269,84714,37.49,37.49,37.28,37.38,-0.18,236
107/01/23,1894,70572,37.47,37.47,37.22,37.25,-0.13,151
107/01/24,1445,54044,37.36,37.43,37.36,37.39,0.14,84
107/01/25,1925,71417,37.16,37.16,37.02,37.1,-0.29,308
107/01/26,2167,80768,37.29,37.3,37.2,37.25,0.15,238
107/01/29,1931,71620,37.22,37.22,37.02,37.12,-0.13,116
107/01/30,2323,85900,37.12,37.12,36.85,36.92,-0.2,242
107/01/31,647,23886,36.9,36.95,36.85,36.89,-0.03,88
107/02/01,492,18181,36.89,37.0,36.89,37.0,0.11,36
107/02/02,2162,79111,36.77,36.77,36.51,36.63,-0.37,164
107/02/05,2292,82876,36.33,36.34,36.06,36.09,-0.54,258
107/02/06,836,30877,36.43,37.06,36.43,36.9,0.81,134
107/02/07,753,27390,36.52,36.52,36.31,36.42,-0.48,98
107/02/08,867,31316,36.27,36.27,36.04,36.09,-0.33,181
107/02/09,855,30821,36.05,36.12,36.0,36.11,0.02,95
107/02/12,1051,37533,35.87,35.87,35.64,35.66,-0.45,258
107/02/21,1202,42899,35.7,35.78,35.62,35.78,0.12,114
107/02/22,820,29108,35.52,35.54,35.45,35.47,-0.31,146
107/02/23,802,28410,35.49,35.49,35.4,35.42,-0.05,145
107/02/26,871,31171,35.67,35.85,35.67,35.8,0.38,109
107/02/27,1007,36001,35.8,35.8,35.71,35.77,-0.03,111
107/03/01,1051,37838,36.0,36.03,35.96,35.99,0.22,137
107/03/02,2533,91773,36.23,36.25,36.18,36.25,0.26,167
107/03/05,1031,37157,36.19,36.19,35.96,36.07,-0.18,98
107/03/06,874,31130,35.68,35.68,35.59,35.62,-0.2,172
107/03/07,881,31472,35.8,35.8,35.7,35.73,0.11,31
107/03/08,843,30040,35.7,35.7,35.6,35.67,-0.06,54
107/03/09,704,25170,35.75,35.76,35.71,35.74,0.07,48
107/03/12,773,27468,35.61,35.61,35.5,35.58,-0.16,110
107/03/13,523,18667,35.66,35.7,35.66,35.7,0.12,37
107/03/14,597,21479,35.79,36.0,35.79,35.99,0.29,66
107/03/15,1107,40073,36.17,36.28,36.14,36.28,0.29,87
107/03/16,519,18779,36.28,36.28,36.15,36.23,-0.05,46
107/03/19,882,31773,36.17,36.17,35.98,36.04,-0.19,76
107/03/20,721,25879,35.98,35.98,35.87,35.87,-0.17,80
107/03/21,625,22372,35.8,35.8,35.75,35.75,-0.12,99
107/03/22,535,19168,35.8,35.89,35.76,35.87,0.12,53
107/03/23,616,22286,36.07,36.22,36.07,36.15,0.28,69
107/03/26,453,16318,36.19,36.19,35.96,35.99,-0.16,81
107/03/27,499,17934,35.97,35.97,35.91,35.92,-0.07,50
107/03/28,522,18896,36.17,36.23,36.17,36.23,0.31,57
107/03/29,3429,124556,36.27,36.35,36.27,36.35,0.12,113
107/03/30,1123,40982,36.38,36.6,36.36,36.41,0.06,77
107/03/31,182,6647,36.45,36.6,36.45,36.53,0.12,24
107/04/02,538,19650,36.56,36.56,36.45,36.5,-0.03,47
107/04/03,527,19326,36.73,36.73,36.63,36.69,0.19,52
107/04/09,642,23372,36.55,36.55,36.33,36.34,-0.35,101
107/04/10,504,18343,36.44,36.45,36.35,36.36,0.02,29
107/04/11,840,30603,36.48,36.48,36.4,36.45,0.09,77
107/04/12,577,21147,36.55,36.68,36.55,36.68,0.23,57
107/04/13,519,18982,36.53,36.63,36.46,36.59,-0.09,38
107/04/16,607,22196,36.45,36.61,36.45,36.6,0.01,48
107/04/17,506,18561,36.62,36.7,36.62,36.68,0.08,32
107/04/18,513,18802,36.66,36.7,36.66,36.7,0.02,32
107/04/19,507,18502,36.44,36.54,36.4,36.47,-0.23,37
107/04/20,639,23135,36.25,36.26,36.17,36.19,-0.28,93
107/04/23,652,23494,36.03,36.07,35.99,36.02,-0.17,93
107/04/24,552,20016,36.06,36.29,36.06,36.24,0.22,30
107/04/25,1072,38633,36.03,36.06,36.0,36.06,-0.18,126
107/04/26,1860,66840,35.92,35.98,35.9,35.93,-0.13,161
107/04/27,660,23868,36.03,36.2,36.03,36.14,0.21,43
107/04/30,496,17954,36.14,36.25,36.14,36.25,0.11,36
107/05/02,1171,42618,36.3,36.5,36.3,36.5,0.25,49
107/05/03,613,22324,36.5,36.5,36.39,36.41,-0.09,43
107/05/04,544,19823,36.43,36.44,36.41,36.44,0.03,21
107/05/07,640,23355,36.49,36.54,36.45,36.54,0.1,30
107/05/08,503,18404,36.54,36.59,36.54,36.59,0.05,30
107/05/09,978,35772,36.48,36.64,36.48,36.6,0.01,104
107/05/10,622,22738,36.55,36.58,36.53,36.54,-0.06,30
107/05/11,492,18023,36.65,36.69,36.55,36.55,0.01,31
107/05/14,621,22743,36.63,36.65,36.6,36.6,0.05,21
107/05/15,683,24916,36.46,36.52,36.45,36.45,-0.15,34
107/05/16,806,29207,36.26,36.28,36.18,36.18,-0.27,96
107/05/17,394,14203,36.07,36.08,36.01,36.08,-0.1,40
107/05/18,1200,43084,35.87,35.99,35.87,35.99,-0.09,121
107/05/21,376,13638,36.15,36.3,36.15,36.28,0.29,37
107/05/22,482,17518,36.28,36.34,36.28,36.33,0.05,25
107/05/23,524,18916,36.21,36.21,36.02,36.05,-0.07,41
107/05/24,1442,52394,36.27,36.4,36.27,36.36,0.31,49
107/05/25,517,18828,36.36,36.45,36.36,36.45,0.09,36
107/05/28,618,22656,36.67,36.68,36.6,36.65,0.2,62
107/05/29,866,31978,36.84,36.96,36.84,36.96,0.31,113
107/05/30,10676,399442,37.45,37.6,37.4,37.48,0.52,171
107/05/31,564,21016,37.3,37.34,37.25,37.27,-0.21,34
107/06/01,348,12926,37.3,37.3,37.1,37.11,-0.16,38
107/06/04,351,12933,36.91,36.91,36.81,36.84,-0.27,41
107/06/05,461,16928,36.8,36.8,36.66,36.71,-0.13,50
107/06/06,393,14397,36.69,36.69,36.6,36.6,-0.11,47
107/06/07,505,18370,36.41,36.41,36.29,36.4,-0.2,108
107/06/08,357,13091,36.5,36.73,36.5,36.73,0.33,37
107/06/11,324,11867,36.75,36.75,36.61,36.64,-0.09,17
107/06/12,392,14381,36.67,36.7,36.67,36.69,0.05,33
107/06/13,389,14258,36.69,36.69,36.63,36.65,-0.04,20
107/06/14,466,17160,36.8,36.92,36.65,36.9,0.25,47
107/06/15,472,17524,36.95,37.15,36.95,37.15,0.25,41
107/06/19,597,22362,37.19,37.49,37.19,37.47,0.32,138
107/06/20,393,14737,37.46,37.7,37.46,37.5,0.03,44
107/06/21,410,15249,37.38,37.38,37.13,37.22,-0.28,46
107/06/22,373,13992,37.43,37.55,37.43,37.52,0.3,36
107/06/25,352,13296,37.61,37.8,37.61,37.8,0.28,59
107/06/26,407,15384,37.7,37.82,37.67,37.81,0.01,46
107/06/27,390,14780,37.77,37.92,37.77,37.89,0.08,45
107/06/28,926,35492,38.13,38.35,38.13,38.34,0.45,130
107/06/29,679,25988,38.32,38.44,38.19,38.19,-0.15,107
107/07/02,598,22797,38.19,38.2,38.06,38.15,-0.04,36
107/07/03,1074,41158,38.15,38.38,38.15,38.38,0.23,70
107/07/04,431,16540,38.38,38.4,38.32,38.36,-0.02,46
107/07/05,359,13789,38.39,38.42,38.39,38.41,0.05,32
107/07/06,431,16576,38.46,38.5,38.42,38.45,0.04,35
107/07/09,427,16392,38.45,38.45,38.35,38.4,-0.05,45
107/07/10,384,14672,38.29,38.29,38.19,38.19,-0.21,33
107/07/11,437,16789,38.27,38.55,38.27,38.39,0.2,46
107/07/12,392,15096,38.5,38.55,38.42,38.45,0.06,35
107/07/13,320,12327,38.5,38.52,38.46,38.49,0.04,15
107/07/16,406,15682,38.57,38.68,38.57,38.68,0.19,56
107/07/17,781,30074,38.56,38.56,38.45,38.45,-0.23,37
107/07/18,532,20459,38.45,38.49,38.4,38.49,0.04,17
107/07/19,330,12677,38.42,38.42,38.39,38.39,-0.1,24
107/07/20,392,15167,38.57,38.74,38.52,38.68,0.29,48
107/07/23,512,19582,38.29,38.29,38.17,38.23,-0.45,69
107/07/24,472,17875,37.9,37.92,37.8,37.9,-0.33,67
107/07/25,369,14016,38.0,38.01,37.95,37.99,0.09,29
107/07/26,897,33824,37.79,37.79,37.62,37.74,-0.25,78
107/07/27,364,13715,37.83,37.83,37.65,37.73,-0.01,45
107/07/30,337,12734,37.82,37.82,37.78,37.81,0.08,29
107/07/31,364,13750,37.79,37.99,37.7,37.9,0.09,42
107/08/01,364,13751,37.89,37.89,37.76,37.8,-0.1,38
107/08/02,467,17576,37.69,37.69,37.6,37.65,-0.15,63
107/08/03,462,17409,37.65,37.71,37.65,37.71,0.06,24
107/08/06,352,13291,37.73,37.8,37.73,37.8,0.09,19
107/08/07,781,29561,37.87,37.87,37.81,37.85,0.05,25
107/08/08,551,20748,37.68,37.68,37.62,37.66,-0.19,57
107/08/09,646,24336,37.67,37.7,37.66,37.68,0.02,29
107/08/10,507,19258,38.0,38.08,37.91,38.06,0.38,43
107/08/13,511,19658,38.27,38.51,38.27,38.41,0.35,66
107/08/14,313,12011,38.39,38.39,38.31,38.34,-0.07,17
107/08/15,350,13413,38.32,38.36,38.24,38.35,0.01,35
107/08/16,565,21742,38.36,38.55,38.36,38.47,0.12,46
107/08/17,359,13804,38.47,38.49,38.4,38.4,-0.07,36
107/08/20,399,15360,38.49,38.55,38.47,38.47,0.07,33
107/08/21,8192,315676,38.55,38.62,38.53,38.54,0.07,99
107/08/22,6575,252588,38.43,38.43,38.32,38.41,0.14,102
107/08/23,478,18394,38.41,38.5,38.39,38.5,0.09,34
107/08/24,404,15576,38.45,38.55,38.45,38.49,-0.01,36
107/08/27,386,14869,38.48,38.53,38.48,38.52,0.03,35
107/08/28,412,15771,38.32,38.36,38.3,38.34,-0.18,53
107/08/29,345,13167,38.25,38.25,38.15,38.16,-0.18,38
107/08/30,441,16838,38.16,38.2,38.16,38.17,0.01,51
107/08/31,426,16321,38.24,38.33,38.24,38.3,0.13,41
107/09/03,383,14648,38.35,38.35,38.23,38.24,-0.06,44
107/09/04,344,13149,38.21,38.26,38.2,38.23,-0.01,23
107/09/05,3185,121064,38.11,38.11,37.97,38.01,-0.22,108
107/09/06,407,15446,38.06,38.06,37.93,37.97,-0.04,54
107/09/07,432,16460,38.14,38.14,38.06,38.1,0.13,46
107/09/10,427,16146,37.88,37.88,37.79,37.82,-0.28,72
107/09/11,390,14794,37.85,37.96,37.85,37.93,0.11,42
107/09/12,1819,68679,37.85,37.85,37.72,37.75,-0.18,135
107/09/13,416,15704,37.76,37.8,37.73,37.76,0.01,53
107/09/14,332,12540,37.76,37.79,37.75,37.76,0.0,26
107/09/17,594,22364,37.67,37.67,37.63,37.67,-0.09,63
107/09/18,540,20335,37.67,37.68,37.63,37.63,-0.04,60
107/09/19,3876,144493,37.35,37.35,37.2,37.25,-0.38,193
107/09/20,563,20903,37.24,37.24,37.1,37.14,-0.11,124
107/09/21,534,19834,37.31,37.31,37.06,37.07,-0.07,232
107/09/25,492,18153,37.03,37.03,36.86,36.86,-0.21,138
107/09/26,742,27389,36.86,36.92,36.86,36.92,0.06,248
107/09/27,1893,70140,37.18,37.18,36.98,37.06,0.14,176
107/09/28,460,17026,37.07,37.08,37.0,37.01,-0.05,50
107/10/01,483,17801,36.92,36.92,36.82,36.84,-0.17,117
107/10/02,2677,98453,36.82,36.82,36.75,36.77,-0.07,112
107/10/03,631,23318,36.94,37.1,36.9,36.9,0.13,51
107/10/04,801,29069,36.29,36.63,36.15,36.15,-0.75,373
107/10/05,545,19769,36.21,36.32,36.2,36.3,0.15,109
107/10/08,569,20492,36.54,36.54,35.96,36.05,-0.25,181
107/10/09,481,17341,36.05,36.11,36.03,36.08,0.03,60
107/10/11,1045,38312,36.37,36.74,36.37,36.72,0.64,140
107/10/12,566,20633,36.72,36.72,36.32,36.34,-0.38,99
107/10/15,466,17022,36.54,36.54,36.5,36.53,0.19,36
107/10/16,560,20379,36.53,36.53,36.33,36.39,-0.14,69
107/10/17,468,17040,36.42,36.43,36.4,36.43,0.04,25
107/10/18,486,17652,36.29,36.35,36.21,36.35,-0.08,53
107/10/19,454,16522,36.36,36.48,36.36,36.38,0.03,30
107/10/22,454,16474,36.38,36.39,36.26,36.3,-0.08,42
107/10/23,459,16680,36.3,36.42,36.29,36.38,0.08,36
107/10/24,455,16574,36.38,36.45,36.38,36.45,0.07,22
107/10/25,643,23569,36.5,36.7,36.5,36.64,0.19,104
107/10/26,455,16670,36.64,36.69,36.62,36.69,0.05,24
107/10/29,1194,43901,36.77,36.78,36.68,36.74,0.05,56
107/10/30,525,19234,36.67,36.68,36.62,36.62,-0.12,67
107/10/31,854,31046,36.47,36.47,36.29,36.34,-0.28,243
107/11/01,767,27695,36.27,36.27,36.07,36.18,-0.16,205
107/11/02,3060,110579,36.18,36.18,35.97,35.97,-0.21,154
107/11/05,772,27510,35.69,35.69,35.6,35.65,-0.32,180
107/11/06,503,18012,35.75,35.85,35.75,35.85,0.2,54
107/11/07,614,22010,35.85,35.94,35.68,35.92,0.07,74
107/11/08,712,25411,35.76,35.76,35.69,35.71,-0.21,92
107/11/09,474,17011,35.71,35.91,35.71,35.91,0.2,40
107/11/12,451,16285,36.04,36.13,36.04,36.13,0.22,28
107/11/13,456,16587,36.27,36.47,36.27,36.27,0.14,54
107/11/14,458,16667,36.36,36.44,36.36,36.42,0.15,19
107/11/15,451,16430,36.47,36.47,36.36,36.38,-0.04,24
107/11/16,467,17005,36.35,36.44,36.35,36.43,0.05,30
107/11/19,465,17049,36.61,36.68,36.61,36.68,0.25,51
107/11/20,461,16922,36.7,36.72,36.66,36.66,-0.02,43
107/11/21,477,17502,36.68,36.72,36.68,36.7,0.04,27
107/11/22,452,16499,36.48,36.53,36.47,36.5,0.04,23
107/11/23,532,19434,36.52,36.55,36.5,36.55,0.05,22
107/11/26,458,16750,36.59,36.59,36.55,36.56,0.01,34
107/11/27,450,16433,36.5,36.55,36.5,36.53,-0.03,23
107/11/28,464,16943,36.5,36.53,36.49,36.49,-0.04,38
107/11/29,616,22434,36.37,36.44,36.31,36.44,-0.05,37
107/11/30,524,19072,36.38,36.43,36.37,36.39,-0.05,39
107/12/03,464,16863,36.45,36.45,36.34,36.35,-0.04,50
107/12/04,498,18346,36.72,36.9,36.7,36.9,0.55,57
107/12/05,527,19586,37.05,37.36,37.03,37.2,0.3,81
107/12/06,3123,116759,37.27,37.57,37.27,37.53,0.33,170
107/12/07,467,17493,37.47,37.47,37.38,37.44,-0.09,63
107/12/10,803,30255,37.55,37.7,37.55,37.66,0.22,90
107/12/11,472,17793,37.67,37.72,37.64,37.66,0.0,62
107/12/12,104492,3928818,37.65,37.67,37.55,37.62,-0.04,616
107/12/13,552,20696,37.62,37.62,37.47,37.47,-0.15,60
107/12/14,906,34016,37.47,37.57,37.47,37.51,0.04,18
107/12/17,480,18054,37.53,37.61,37.53,37.61,0.1,100
107/12/18,496,18753,37.74,37.83,37.74,37.81,0.2,117
107/12/19,505,19200,37.96,38.03,37.96,38.01,0.2,124
107/12/20,1521,58582,38.39,38.71,38.39,38.67,0.66,267
107/12/21,7732,295002,38.35,38.35,38.13,38.13,-0.54,138
107/12/22,470,17968,38.19,38.3,38.19,38.27,0.14,34
107/12/24,457,17498,38.3,38.3,38.24,38.28,0.01,43
107/12/25,458,17644,38.58,38.64,38.44,38.46,0.18,60
107/12/26,836,32223,38.45,38.59,38.41,38.59,0.13,92
107/12/27,453,17320,38.19,38.28,38.19,38.26,-0.33,55
107/12/28,470,17910,38.16,38.16,38.1,38.12,-0.14,49
108/01/02,496,19017,38.12,38.46,38.12,38.44,0.32,68
108/01/03,924,35923,38.79,38.94,38.79,38.94,0.5,133
108/01/04,632,24811,39.16,39.4,39.16,39.26,0.32,163
108/01/07,487,18848,38.73,38.75,38.69,38.75,-0.51,89
108/01/08,461,17853,38.74,38.74,38.68,38.74,-0.01,76
108/01/09,461,17786,38.66,38.66,38.48,38.56,-0.18,50
108/01/10,481,18578,38.56,38.7,38.55,38.61,0.05,53
108/01/11,525,20110,38.3,38.34,38.21,38.3,-0.31,74
108/01/14,568,21867,38.4,38.55,38.38,38.46,0.16,42
108/01/15,537,20565,38.37,38.38,38.24,38.27,-0.19,88
108/01/16,459,17560,38.25,38.25,38.21,38.25,-0.02,42
108/01/17,496,19012,38.25,38.37,38.25,38.32,0.07,26
108/01/18,503,19247,38.26,38.28,38.21,38.23,-0.09,36
108/01/21,458,17434,38.13,38.15,38.02,38.11,-0.12,95
108/01/22,458,17467,38.14,38.25,38.14,38.18,0.07,45
108/01/23,460,17635,38.39,38.39,38.33,38.34,0.16,45
108/01/24,984,37693,38.35,38.39,38.26,38.28,-0.06,54
108/01/25,1607,61687,38.44,38.44,38.37,38.4,0.12,64
108/01/28,1002,38291,38.28,38.28,38.18,38.2,-0.2,116
108/01/29,844,32269,38.25,38.25,38.2,38.22,0.02,44
108/01/30,477,18274,38.27,38.36,38.27,38.35,0.13,44
108/02/11,920,35688,38.48,38.88,38.48,38.88,0.53,97
108/02/12,1136,44033,38.8,38.84,38.7,38.76,-0.12,124
108/02/13,808,31234,38.68,38.68,38.53,38.66,-0.1,60
108/02/14,1216,47031,38.63,38.72,38.6,38.66,0.0,103
108/02/15,837,32517,38.78,38.89,38.78,38.88,0.22,61
108/02/18,467,18150,38.9,38.9,38.85,38.87,-0.01,57
108/02/19,660,25663,38.87,38.89,38.85,38.89,0.02,74
108/02/20,17966,700338,38.89,39.01,38.89,38.96,0.07,281
108/02/21,655,25434,38.93,38.96,38.74,38.75,-0.21,103
108/02/22,28764,1107702,38.61,38.64,38.47,38.55,-0.2,493
108/02/25,19477,753112,38.57,38.74,38.57,38.71,0.16,243
108/02/26,19115,736899,38.6,38.68,38.55,38.65,-0.06,282
108/02/27,5330,206491,38.72,38.74,38.67,38.69,0.04,132
108/03/04,1134,43122,37.96,38.09,37.75,38.0,-0.69,370
108/03/05,522,19850,38.02,38.03,37.96,38.0,0.25,99
108/03/06,511,19451,38.08,38.15,38.04,38.14,0.14,64
108/03/07,688,26288,38.2,38.24,38.19,38.22,0.08,56
108/03/08,465,17913,38.5,38.57,38.5,38.56,0.34,63
108/03/11,461,17803,38.67,38.67,38.58,38.59,0.03,59
108/03/12,640,24622,38.54,38.54,38.45,38.48,-0.11,90
108/03/13,563,21824,38.72,38.76,38.71,38.73,0.25,83
108/03/14,468,18101,38.73,38.73,38.63,38.63,-0.1,63
108/03/15,622,23975,38.53,38.56,38.48,38.54,-0.09,149
108/03/18,668,25786,38.6,38.65,38.57,38.59,0.05,68
108/03/19,509,19640,38.59,38.59,38.53,38.59,0.0,55
108/03/20,885,34119,38.49,38.57,38.49,38.54,-0.05,87
108/03/21,566,21999,38.8,38.9,38.77,38.85,0.31,91
108/03/22,725,28221,38.94,38.95,38.9,38.92,0.07,84
108/03/25,1098,43437,39.55,39.66,39.53,39.54,0.62,193
108/03/26,1334,52699,39.57,39.58,39.44,39.51,-0.03,180
108/03/27,1071,42517,39.51,39.71,39.51,39.7,0.19,143
108/03/28,995,39961,40.15,40.24,40.1,40.11,0.41,199
108/03/29,1264,50539,40.06,40.07,39.95,39.98,-0.13,177
108/04/01,535,21322,39.9,39.9,39.8,39.88,-0.1,122
108/04/02,867,34366,39.62,39.69,39.58,39.69,-0.19,204
108/04/03,1750,69064,39.53,39.54,39.44,39.45,-0.24,241
108/04/08,828,32667,39.45,39.47,39.44,39.46,0.01,132
108/04/09,1103,43397,39.32,39.37,39.32,39.35,-0.11,159
108/04/10,570,22517,39.42,39.51,39.42,39.48,0.13,84
108/04/11,482,19067,39.5,39.58,39.5,39.56,0.08,65
108/04/12,775,30544,39.48,39.48,39.37,39.42,-0.14,124
108/04/15,1011,39528,39.32,39.32,39.05,39.07,-0.35,328
108/04/16,544,21282,39.07,39.13,39.07,39.11,0.04,96
108/04/17,1307,50895,39.07,39.07,38.88,38.9,-0.21,336
108/04/18,537,20942,38.95,39.02,38.93,39.02,0.12,97
108/04/19,527,20632,39.03,39.18,39.03,39.17,0.15,79
108/04/22,687,26870,39.12,39.12,39.07,39.08,-0.09,195
108/04/23,533,20791,38.97,39.0,38.97,39.0,-0.08,103
108/04/24,463,18081,39.02,39.09,39.01,39.09,0.09,51
108/04/25,535,21037,39.25,39.4,39.25,39.33,0.24,87
108/04/26,742,29171,39.4,39.4,39.3,39.3,-0.03,98
108/04/29,546,21530,39.45,39.45,39.41,39.41,0.11,76
108/04/30,773,30403,39.34,39.34,39.27,39.34,-0.07,147
108/05/02,589,23286,39.44,39.55,39.44,39.55,0.21,148
108/05/03,791,31182,39.47,39.47,39.4,39.42,-0.13,92
108/05/06,738,29383,39.68,39.87,39.68,39.74,0.32,127
108/05/07,476,18902,39.75,39.75,39.69,39.71,-0.03,67
108/05/08,567,22597,39.84,39.88,39.83,39.87,0.16,85
108/05/09,814,32423,39.87,39.87,39.81,39.83,-0.04,82
108/05/10,656,26185,39.85,39.99,39.8,39.99,0.16,100
108/05/13,693,27757,40.0,40.08,40.0,40.06,0.07,116
108/05/14,707,28439,40.26,40.26,40.18,40.24,0.18,138
108/05/15,620,24970,40.25,40.29,40.25,40.29,0.05,112
108/05/16,1502,60876,40.43,40.58,40.43,40.55,0.26,147
108/05/17,1190,48259,40.47,40.67,40.37,40.67,0.12,165
108/05/20,854,34768,40.67,40.76,40.64,40.76,0.09,145
108/05/21,1505,61318,40.74,40.77,40.7,40.76,0.0,167
108/05/22,709,28774,40.56,40.64,40.56,40.62,0.12,116
108/05/23,1004,41045,40.9,40.93,40.81,40.85,0.23,148
108/05/24,1621,66810,41.06,41.25,41.06,41.2,0.35,243
108/05/27,624,25727,41.25,41.27,41.15,41.16,-0.04,123
108/05/28,571,23580,41.16,41.32,41.16,41.29,0.13,103
108/05/29,1985,82764,41.59,41.8,41.59,41.76,0.47,215
108/05/30,597,24977,41.76,41.98,41.76,41.8,0.04,134
108/05/31,1094,46276,42.17,42.36,42.17,42.36,0.56,192
108/06/03,1642,69971,42.77,42.8,42.55,42.55,0.19,269
108/06/04,1289,54961,42.56,42.7,42.56,42.66,0.11,491
108/06/05,1062,44817,42.25,42.27,42.15,42.25,-0.41,264
108/06/06,948,39848,42.0,42.09,42.0,42.08,-0.17,262
108/06/10,1383,58637,42.31,42.48,42.31,42.35,0.27,417
108/06/11,997,41967,42.25,42.25,42.04,42.05,-0.3,296
108/06/12,1243,52560,42.3,42.32,42.25,42.29,0.24,204
108/06/13,1107,46924,42.34,42.45,42.29,42.42,0.13,231
108/06/14,1232,52496,42.45,42.65,42.45,42.61,0.19,244
108/06/17,873,37100,42.56,42.56,42.46,42.52,-0.09,209
108/06/18,2192,93452,42.56,42.68,42.56,42.67,0.15,205
108/06/19,1827,77904,42.7,42.75,42.59,42.63,-0.04,213
108/06/20,1693,72390,42.95,42.95,42.68,42.7,0.07,416
108/06/21,1414,60147,42.61,42.65,42.48,42.57,-0.13,429
108/06/24,1737,73077,42.21,42.21,42.01,42.1,-0.47,681
108/06/25,1038,44061,42.31,42.57,42.29,42.53,0.43,272
108/06/26,1081,45962,42.61,42.61,42.48,42.51,-0.02,235
108/06/27,982,41434,42.37,42.37,42.11,42.22,-0.29,363
108/06/28,712,30193,42.31,42.41,42.31,42.38,0.16,124
108/07/01,1256,52904,42.38,42.38,42.08,42.12,-0.26,309
108/07/02,570,24062,42.15,42.28,42.15,42.27,0.15,83
108/07/03,1050,44872,42.71,42.76,42.69,42.76,0.49,205
108/07/04,962,41292,42.76,42.96,42.76,42.94,0.18,178
108/07/05,604,25980,43.0,43.04,42.99,43.04,0.1,122
108/07/08,871,37122,42.58,42.7,42.53,42.7,-0.34,219
108/07/09,712,30424,42.71,42.74,42.65,42.74,0.04,104
108/07/10,970,41146,42.46,42.46,42.36,42.36,-0.38,349
108/07/11,966,40879,42.39,42.42,42.26,42.28,-0.08,262
108/07/12,1775,73868,41.65,41.65,41.56,41.63,-0.65,716
108/07/15,1148,47733,41.63,41.68,41.56,41.58,-0.05,368
108/07/16,982,41171,41.83,41.94,41.83,41.89,0.31,210
108/07/17,703,29471,41.82,41.94,41.8,41.93,0.04,167
108/07/18,1028,43506,42.2,42.35,42.2,42.34,0.41,349
108/07/19,1057,44659,42.3,42.3,42.16,42.22,-0.12,315
108/07/22,702,29613,42.25,42.25,42.16,42.25,0.03,111
108/07/23,563,23765,42.24,42.24,42.18,42.22,-0.03,144
108/07/24,971,40819,42.08,42.08,41.99,42.01,-0.21,396
108/07/25,671,28312,42.15,42.22,42.15,42.22,0.21,151
108/07/26,1081,45523,42.14,42.14,42.07,42.08,-0.14,316
108/07/29,566,23855,42.08,42.18,42.08,42.16,0.08,93
108/07/30,1048,44190,42.16,42.17,42.14,42.17,0.01,170
108/07/31,1597,67507,42.26,42.3,42.21,42.26,0.09,192
108/08/01,775,33000,42.6,42.6,42.51,42.58,0.32,192
108/08/02,1693,73858,43.41,43.72,43.41,43.68,1.1,698
108/08/05,2433,108974,43.99,45.05,43.99,45.02,1.34,770
108/08/06,2271,102843,45.78,45.78,44.84,44.96,-0.06,695
108/08/07,1558,71159,45.47,45.79,45.47,45.68,0.72,529
108/08/08,2094,94590,45.68,45.68,45.0,45.13,-0.55,831
108/08/12,1017,46187,45.26,45.5,45.26,45.47,0.34,258
108/08/13,1196,55442,46.2,46.43,46.2,46.43,0.96,377
108/08/14,1268,58377,46.26,46.26,45.87,46.12,-0.31,599
108/08/15,1572,74784,47.21,47.73,47.21,47.56,1.44,571
108/08/16,1739,82572,47.72,47.73,47.38,47.45,-0.11,573
108/08/19,1330,62169,46.7,46.92,46.63,46.88,-0.57,608
108/08/20,1484,69409,46.8,46.83,46.73,46.79,-0.09,448
108/08/21,1194,55668,46.76,46.79,46.55,46.57,0.06,310
108/08/22,806,37559,46.55,46.68,46.53,46.67,0.1,190
108/08/23,2384,110007,46.28,46.28,46.0,46.1,-0.57,721
108/08/26,2134,101244,47.36,47.73,47.26,47.73,1.63,550
108/08/27,1741,81861,47.03,47.06,46.94,47.03,-0.7,685
108/08/28,1466,69837,47.66,47.71,47.54,47.58,0.55,426
108/08/29,893,42711,47.6,47.88,47.6,47.86,0.28,216
108/08/30,1991,94250,47.51,47.51,47.26,47.34,-0.52,584
108/09/02,967,45877,47.6,47.68,47.37,47.37,0.03,224
108/09/03,1433,67635,47.36,47.36,47.11,47.24,-0.13,335
108/09/04,691,32841,47.62,47.62,47.43,47.43,0.19,219
108/09/05,1676,78923,47.42,47.42,46.93,47.02,-0.41,612
108/09/06,1859,86515,46.59,46.59,46.46,46.51,-0.51,763
108/09/09,776,36218,46.63,46.67,46.59,46.67,0.16,251
108/09/10,1706,78338,45.94,46.03,45.81,46.01,-0.66,768
108/09/11,2874,130139,45.35,45.4,45.19,45.24,-0.77,1178
108/09/12,2209,98862,44.93,44.93,44.64,44.71,-0.53,1057
108/09/16,2663,117192,44.5,45.18,43.77,44.57,-0.14,1098
108/09/17,2346,103519,44.19,44.19,44.06,44.15,-0.42,729
108/09/18,1265,56043,44.25,44.37,44.25,44.37,0.22,368
108/09/19,1158,51617,44.45,44.67,44.4,44.66,0.29,331
108/09/20,1098,49111,44.66,44.79,44.61,44.76,0.1,342
108/09/23,1162,52326,45.0,45.1,44.95,45.1,0.34,293
108/09/24,1048,47353,45.14,45.22,45.11,45.15,0.05,284
108/09/25,883,40295,45.63,45.76,45.54,45.61,0.46,368
108/09/26,992,44860,45.2,45.31,45.1,45.24,-0.37,458
108/09/27,702,31820,45.24,45.33,45.22,45.32,0.08,145
108/10/01,797,36148,45.33,45.42,45.21,45.28,-0.04,272
108/10/02,453,20617,45.44,45.58,45.41,45.45,0.17,192
108/10/03,879,40328,45.8,45.94,45.8,45.92,0.47,340
108/10/04,703,32403,46.12,46.13,46.02,46.06,0.14,257
108/10/07,452,20928,46.24,46.36,46.16,46.18,0.12,188
108/10/08,840,38382,45.85,45.85,45.57,45.63,-0.55,325
108/10/09,575,26387,45.74,45.95,45.74,45.88,0.25,161
108/10/14,1917,85287,44.54,44.6,44.38,44.48,-1.4,755
108/10/15,414,18469,44.5,44.69,44.47,44.64,0.16,179
108/10/16,875,38743,44.33,44.33,44.22,44.25,-0.39,409
108/10/17,441,19544,44.25,44.32,44.25,44.27,0.02,165
108/10/18,1350,59559,44.21,44.21,44.09,44.14,-0.13,322
108/10/21,2537,111509,44.06,44.06,43.85,43.85,-0.29,567
108/10/22,2100,91531,43.64,43.64,43.47,43.59,-0.26,413
108/10/23,2174,95495,43.89,44.0,43.88,43.94,0.35,364
108/10/24,2484,109120,43.93,43.96,43.89,43.95,0.01,357
108/10/25,2250,98875,43.95,43.99,43.93,43.93,-0.02,348
108/10/28,1248,54330,43.65,43.65,43.45,43.53,-0.4,480
108/10/29,1626,70146,43.21,43.21,43.08,43.1,-0.43,583
108/10/30,928,40136,43.15,43.29,43.15,43.22,0.12,185
108/10/31,505,22004,43.6,43.6,43.5,43.6,0.38,167
108/11/01,834,36870,44.25,44.32,44.11,44.16,0.56,285
108/11/04,1285,56263,44.04,44.04,43.76,43.78,-0.38,429
108/11/05,1347,58485,43.6,43.6,43.33,43.39,-0.39,459
108/11/06,1008,43465,43.17,43.2,43.1,43.11,-0.28,416
108/11/07,194,8406,43.11,43.28,43.11,43.27,0.16,124
108/11/08,1606,68263,42.6,43.0,42.41,42.61,-0.66,644
108/11/11,1108,46983,42.49,42.49,42.38,42.48,-0.13,384
108/11/12,253,10767,42.45,42.59,42.41,42.55,0.07,118
108/11/13,393,16703,42.51,42.58,42.48,42.57,0.02,169
108/11/14,463,19901,42.81,43.1,42.81,43.06,0.49,215
108/11/15,598,25813,43.1,43.25,43.07,43.15,0.09,259
108/11/18,480,20732,43.2,43.28,43.2,43.23,0.08,232
108/11/19,688,29807,43.29,43.42,43.28,43.32,0.09,267
108/11/20,1873,81998,43.61,43.85,43.61,43.83,0.51,393
108/11/21,1660,73280,44.02,44.25,44.02,44.12,0.29,501
108/11/22,973,42393,43.61,43.66,43.45,43.64,-0.23,220
108/11/25,1108,48301,43.64,43.64,43.56,43.61,-0.03,239
108/11/26,1650,72107,43.61,43.8,43.61,43.69,0.08,528
108/11/27,1160,50926,43.78,43.95,43.75,43.94,0.25,428
108/11/28,502,22036,43.91,43.91,43.85,43.86,-0.08,254
108/11/29,332,14550,43.61,43.87,43.61,43.86,0.0,192
108/12/02,639,27841,43.67,43.7,43.52,43.53,-0.33,278
108/12/03,939,40608,43.46,43.46,43.18,43.19,-0.34,272
108/12/04,1675,73646,43.92,44.07,43.91,43.99,0.8,377
108/12/05,535,23384,43.83,43.83,43.62,43.7,-0.29,185
108/12/06,282,12274,43.49,43.56,43.45,43.56,-0.14,131
108/12/09,612,26496,43.32,43.35,43.24,43.35,-0.21,283
108/12/10,344,14964,43.51,43.54,43.46,43.53,0.18,102
108/12/11,378,16417,43.49,43.49,43.4,43.43,-0.1,196
108/12/12,335,14576,43.62,43.63,43.37,43.42,-0.01,116
108/12/13,2555,109060,42.79,42.84,42.58,42.78,-0.64,892
108/12/16,507,21797,42.91,43.07,42.91,42.98,0.2,237
108/12/17,780,33387,42.88,42.88,42.77,42.85,-0.13,401
108/12/18,843,35985,42.8,42.82,42.67,42.7,-0.15,394
108/12/19,924,39237,42.5,42.5,42.42,42.47,-0.23,470
108/12/20,1109,46965,42.45,42.45,42.29,42.34,-0.13,547
108/12/23,437,18524,42.34,42.47,42.34,42.47,0.13,167
108/12/24,662,28033,42.37,42.38,42.31,42.37,-0.1,240
108/12/25,338,14385,42.49,42.53,42.48,42.49,0.12,164
108/12/26,688,29150,42.35,42.4,42.33,42.37,-0.12,210
108/12/27,361,15297,42.44,42.45,42.42,42.43,0.06,150
108/12/30,389,16531,42.5,42.54,42.47,42.49,0.06,161
108/12/31,1148,48567,42.4,42.4,42.27,42.29,-0.2,408
109/01/02,1058,44413,42.14,42.14,41.88,42.01,-0.28,573
109/01/03,844,35921,42.2,42.69,42.2,42.65,0.64,372
109/01/06,908,39076,42.89,43.1,42.89,43.06,0.41,422
109/01/07,456,19464,42.76,42.77,42.68,42.7,-0.36,232
109/01/08,961,41297,43.13,43.15,42.66,42.86,0.16,320
109/01/09,874,36964,42.31,42.33,42.22,42.29,-0.57,404
109/01/10,324,13702,42.29,42.3,42.25,42.26,-0.03,170
109/01/13,607,25774,42.66,42.66,42.46,42.46,0.2,187
109/01/14,411,17400,42.36,42.36,42.23,42.32,-0.14,193
109/01/15,334,14237,42.56,42.69,42.53,42.66,0.34,167
109/01/16,345,14745,42.71,42.85,42.71,42.75,0.09,178
109/01/17,701,29773,42.46,42.55,42.44,42.54,-0.21,364
109/01/20,497,21135,42.5,42.57,42.5,42.57,0.03,196
109/01/30,5585,247901,43.13,44.85,43.13,44.81,2.24,1850
109/01/31,2659,118491,44.75,44.75,44.44,44.6,-0.21,894
109/02/03,2902,130998,45.0,45.28,45.0,45.1,0.5,840
109/02/04,1315,59213,45.1,45.18,44.94,44.96,-0.14,499
109/02/05,730,32472,44.42,44.53,44.38,44.52,-0.44,354
109/02/06,2646,116110,43.93,43.96,43.75,43.78,-0.74,651
109/02/07,948,41954,44.02,44.35,44.02,44.34,0.56,294
109/02/10,1086,48553,44.76,44.86,44.55,44.67,0.33,467
109/02/11,277,12348,44.67,44.67,44.54,44.64,-0.03,182
109/02/12,902,40032,44.53,44.53,44.3,44.32,-0.32,463
109/02/13,1303,57760,44.32,44.43,44.29,44.43,0.11,253
109/02/14,1434,63813,44.46,44.52,44.44,44.51,0.08,254
109/02/17,1678,74926,44.61,44.7,44.61,44.69,0.18,322
109/02/18,1908,85824,44.83,45.09,44.83,45.05,0.36,409
109/02/19,643,28983,45.08,45.08,45.01,45.04,-0.01,295
109/02/20,753,34021,45.0,45.35,44.98,45.26,0.22,337
109/02/21,1752,79967,45.45,45.75,45.45,45.75,0.72,496
109/02/24,3452,159684,46.1,46.35,46.1,46.22,0.47,659
109/02/25,2399,111344,46.64,46.64,46.31,46.45,0.23,739
109/02/26,1756,82011,46.87,46.95,46.44,46.53,0.08,536
109/02/27,2290,107325,46.6,46.99,46.6,46.97,0.44,657
109/03/02,3698,177615,48.25,48.5,47.53,47.9,0.93,1172
109/03/03,1598,75564,47.3,47.47,47.13,47.42,-0.48,615
109/03/04,2318,111443,48.1,48.21,47.87,48.04,0.62,742
109/03/05,1116,53194,47.54,47.81,47.54,47.73,-0.31,520
109/03/06,2556,662574,48.43,49.83,48.43,49.83,2.1,1066
109/03/09,3839,206754,53.45,54.6,53.35,54.1,4.27,1416
109/03/10,2827,147466,53.0,53.0,51.75,51.75,-2.35,1220
109/03/11,1998,101947,50.75,51.75,50.4,51.7,-0.05,821
109/03/12,2521,127302,50.1,50.9,50.1,50.4,-1.3,880
109/03/13,5517,269730,49.05,49.5,47.76,48.47,-1.93,1232
109/03/16,1724,87779,51.0,51.35,50.7,50.95,2.48,874
109/03/17,1684,84720,50.95,50.95,49.92,50.6,-0.35,643
109/03/18,1402,67753,48.12,48.52,48.01,48.04,-2.56,571
109/03/19,5103,231128,45.0,46.03,44.0,45.0,-3.04,1207
109/03/20,875,40569,45.5,46.79,45.5,46.72,1.72,377
109/03/23,1374,67462,49.0,49.5,48.5,49.3,2.58,511
109/03/24,1067,53335,50.0,50.45,49.88,49.92,0.62,472
109/03/25,951,47374,49.92,50.05,49.5,49.97,0.05,369
109/03/26,1560,78073,50.0,50.25,50.0,50.25,0.28,300
109/03/27,486,24375,50.25,50.3,50.1,50.2,-0.05,277
109/03/30,655,33664,51.6,51.65,51.25,51.35,1.15,317
109/03/31,240,12217,51.0,51.0,50.5,50.95,-0.4,131
109/04/01,495,25226,50.95,51.15,50.75,51.1,0.15,199
109/04/06,512,26283,51.3,51.4,51.2,51.35,0.25,255
109/04/07,349,17750,50.95,51.1,50.55,50.9,-0.45,199
109/04/08,344,17517,51.2,51.2,50.9,51.0,0.1,182
109/04/09,349,17700,50.55,50.8,50.4,50.75,-0.25,210
109/04/10,116,5869,50.7,50.9,50.7,50.75,0.0,90
109/04/13,139,7048,50.75,50.8,50.7,50.7,-0.05,96
109/04/14,304,15284,50.5,50.5,50.25,50.25,-0.45,152
109/04/15,175,8788,50.25,50.5,50.25,50.5,0.25,122
109/04/16,967,49566,51.4,51.4,51.2,51.4,0.9,406
109/04/17,642,32811,50.95,51.3,50.85,51.25,-0.15,296
109/04/20,343,17629,51.25,51.5,51.25,51.5,0.25,145
109/04/21,584,30165,51.5,51.95,51.5,51.85,0.35,210
109/04/22,613,32148,52.25,52.7,52.25,52.6,0.75,261
109/04/23,200,10393,52.2,52.2,51.9,52.15,-0.45,121
109/04/24,175,9178,52.25,52.5,52.25,52.25,0.1,74
109/04/27,205,10643,52.25,52.25,51.75,51.9,-0.35,138
109/04/28,399,20448,51.3,51.45,51.1,51.35,-0.55,240
109/04/29,174,8946,51.6,51.6,51.35,51.4,0.05,119
109/04/30,678,34627,51.25,51.25,50.95,51.0,-0.4,320
109/05/04,383,19590,51.15,51.2,51.0,51.05,0.05,149
109/05/05,256,12973,50.95,50.95,50.7,50.75,-0.3,134
109/05/06,229,11563,50.5,50.55,50.4,50.55,-0.2,125
109/05/07,977,49011,50.3,50.3,50.05,50.1,-0.45,431
109/05/08,175,8842,50.4,50.5,50.4,50.5,0.4,97
109/05/11,591,29457,50.0,50.05,49.76,49.81,-0.69,286
109/05/12,707,35224,49.85,49.9,49.77,49.8,-0.01,162
109/05/13,682,34253,50.15,50.3,50.15,50.25,0.45,151
109/05/14,734,37058,50.5,50.65,50.45,50.65,0.4,179
109/05/15,246,12554,51.0,51.1,50.95,51.0,0.35,129
109/05/18,224,11350,50.85,50.85,50.65,50.85,-0.15,108
109/05/19,501,24975,49.81,49.94,49.8,49.84,-0.86,247
109/05/20,183,9124,49.83,49.99,49.83,49.93,0.09,74
109/05/21,443,22194,49.99,50.3,49.99,50.25,0.32,85
109/05/22,622,31213,50.0,50.55,50.0,50.5,0.25,105
109/05/25,449,22706,50.65,50.65,50.45,50.5,0.0,61
109/05/26,564,28430,50.5,50.5,50.15,50.25,-0.25,119
109/05/27,938,46719,49.82,49.88,49.7,49.84,-0.41,212
109/05/28,873,43425,49.8,49.89,49.61,49.69,-0.15,211
109/05/29,799,39712,49.7,49.78,49.68,49.72,0.03,212
109/06/01,612,30414,49.73,49.82,49.6,49.71,-0.01,300
109/06/02,453,22401,49.42,49.56,49.4,49.46,-0.25,253
109/06/03,1198,58617,49.21,49.21,48.82,48.96,-0.5,385
109/06/04,1437,69969,48.83,48.83,48.66,48.68,-0.28,412
109/06/05,2603,124734,48.13,48.13,47.6,47.63,-1.05,807
109/06/08,2005,94592,47.15,47.42,47.09,47.09,-0.54,722
109/06/09,1721,81984,47.53,47.78,47.53,47.74,0.65,458
109/06/10,3745,179906,48.01,48.1,47.9,48.1,0.36,468
109/06/11,1871,90911,48.51,48.79,48.39,48.78,0.68,345
109/06/12,2004,98977,49.54,49.6,49.15,49.15,0.37,392
109/06/15,2232,110510,49.51,49.64,49.4,49.59,0.44,287
109/06/16,2217,107727,48.8,48.8,48.23,48.37,-1.22,501
109/06/17,1419,68705,48.32,48.58,48.2,48.53,0.16,106
109/06/18,1452,70460,48.41,48.82,48.41,48.67,0.14,154
109/06/19,75,3662,48.78,48.8,48.73,48.78,0.11,59
109/06/22,2038,99520,48.78,48.93,48.78,48.88,0.1,167
109/06/23,261,12775,48.77,49.08,48.72,48.81,-0.07,120
109/06/24,342,16568,48.44,48.5,48.37,48.41,-0.4,169
109/06/29,2040,101007,49.54,49.59,49.42,49.52,1.11,430
109/06/30,1343,66314,49.42,49.42,49.29,49.38,-0.14,143
109/07/01,289,14153,49.05,49.06,48.93,49.03,-0.35,178
109/07/02,178,8736,49.05,49.08,48.99,49.08,0.05,81
109/07/03,526,25824,49.08,49.14,49.03,49.14,0.06,131
109/07/06,1125,55005,48.96,48.96,48.71,48.74,-0.4,338
109/07/07,514,25147,48.75,49.04,48.75,48.98,0.24,126
109/07/08,568,28024,49.39,49.4,49.25,49.34,0.36,161
109/07/09,268,13215,49.34,49.34,49.27,49.3,-0.04,131
109/07/10,1363,68189,49.75,50.3,49.74,50.25,0.95,529
109/07/13,867,43296,50.0,50.05,49.85,49.97,-0.28,267
109/07/14,363,18165,50.05,50.25,50.0,50.0,0.03,132
109/07/15,1454,72506,49.89,49.96,49.8,49.95,-0.05,430
109/07/16,459,22964,49.95,50.05,49.86,50.05,0.1,173
109/07/17,369,18471,50.05,50.2,50.0,50.15,0.1,151
109/07/20,227,11395,50.1,50.15,49.98,50.15,0.0,104
109/07/21,340,17011,50.15,50.15,50.0,50.1,-0.05,167
109/07/22,117,5832,50.1,50.1,50.0,50.1,0.0,80
109/07/23,720,36227,50.25,50.3,50.2,50.3,0.2,179
109/07/24,1053,53562,50.8,51.1,50.75,51.0,0.7,366
109/07/27,471,23922,50.9,50.9,50.75,50.85,-0.15,196
109/07/28,587,29460,50.5,50.5,50.1,50.15,-0.7,287
109/07/29,456,23154,50.75,50.8,50.65,50.8,0.65,181
109/07/30,195,9880,50.65,50.7,50.55,50.7,-0.1,105
109/07/31,933,47636,50.95,51.2,50.95,51.2,0.5,245
109/08/03,379,19308,51.0,51.0,50.75,51.0,-0.2,155
109/08/04,310,15766,50.8,50.9,50.7,50.9,-0.1,109
109/08/05,278,14224,51.25,51.3,51.05,51.05,0.15,109
109/08/06,200,10177,50.9,51.0,50.75,51.0,-0.05,109
109/08/07,305,15628,51.15,51.4,51.15,51.3,0.3,142
109/08/10,667,33897,51.0,51.0,50.75,50.75,-0.55,264
109/08/11,341,17271,50.6,50.75,50.55,50.7,-0.05,156
109/08/12,970,48429,50.15,50.15,49.72,49.93,-0.77,523
109/08/13,516,25687,49.77,49.95,49.68,49.85,-0.08,190
109/08/14,1302,64106,49.32,49.37,49.14,49.19,-0.66,412
109/08/17,634,31073,49.06,49.14,49.0,49.14,-0.05,234
109/08/18,550,26995,49.45,49.45,48.99,49.04,0.07,233
109/08/19,327,16147,49.22,49.4,49.22,49.38,0.34,140
109/08/20,582,28648,49.16,49.29,49.1,49.19,-0.19,213
109/08/21,180,8884,49.3,49.34,49.18,49.26,0.07,87
109/08/24,456,22692,49.74,49.76,49.68,49.71,0.45,119
109/08/25,311,15421,49.61,49.61,49.42,49.48,-0.23,118
109/08/26,822,40264,49.25,49.25,48.88,48.91,-0.57,379
109/08/27,240,11774,48.99,49.08,48.99,49.0,0.09,107
109/08/28,1443,68902,48.02,48.02,47.54,47.82,-1.18,803
109/08/31,710,34069,47.98,48.16,47.93,48.14,0.32,188
109/09/01,283,13654,48.3,48.34,48.26,48.26,0.12,113
109/09/02,489,23843,48.84,48.85,48.74,48.76,0.5,136
109/09/03,409,20145,49.35,49.35,49.15,49.27,0.51,150
109/09/04,552,27313,49.46,49.48,49.39,49.43,0.16,187
109/09/07,473,22939,48.56,48.57,48.44,48.47,-0.96,238
109/09/08,187,9046,48.47,48.54,48.47,48.49,0.02,62
109/09/09,980,47991,48.94,49.02,48.88,48.98,0.49,205
109/09/10,210,10242,48.7,48.81,48.65,48.71,-0.27,76
109/09/11,519,25376,48.88,48.95,48.83,48.94,0.23,88
109/09/14,368,18042,49.02,49.05,48.88,48.98,0.04,97
109/09/15,434,21239,49.0,49.03,48.89,48.93,-0.05,170
109/09/16,311,15181,48.86,48.86,48.72,48.8,-0.13,89
109/09/17,192,9323,48.66,48.66,48.45,48.6,-0.2,79
109/09/18,519,25224,48.64,48.64,48.52,48.57,-0.03,76
109/09/21,599,28865,48.39,48.39,48.09,48.11,-0.46,170
109/09/22,361,17482,48.41,48.57,48.41,48.57,0.46,100
109/09/23,362,17619,48.61,48.7,48.52,48.67,0.1,100
109/09/24,564,27625,48.67,49.1,48.66,49.05,0.38,133
109/09/25,233,11412,49.0,49.0,48.9,48.95,-0.1,62
109/09/28,236,11536,48.95,48.95,48.81,48.87,-0.08,50
109/09/29,207,10090,48.74,48.74,48.55,48.6,-0.27,52
109/09/30,317,15386,48.6,48.6,48.38,48.6,0.0,76
109/10/05,700,33391,47.79,47.79,47.65,47.71,-0.89,336
109/10/06,1134,53143,47.08,47.11,46.74,46.86,-0.85,621
109/10/07,627,29596,47.22,47.33,47.12,47.12,0.26,121
109/10/08,950,44434,46.77,46.8,46.67,46.76,-0.36,295
109/10/12,613,28731,47.0,47.0,46.78,46.78,0.02,138
109/10/13,1379,64610,46.88,46.92,46.83,46.88,0.1,97
109/10/14,1644,77580,47.15,47.22,47.15,47.18,0.3,123
109/10/15,1430,67871,47.35,47.61,47.35,47.6,0.42,125
109/10/16,1406,66785,47.48,47.56,47.43,47.55,-0.05,88
109/10/19,1543,72771,47.24,47.24,47.04,47.1,-0.45,142
109/10/20,817,38385,47.1,47.1,46.91,46.96,-0.14,84
109/10/21,1151,53410,46.7,46.7,46.1,46.23,-0.73,520
109/10/22,776,35964,46.31,46.37,46.31,46.36,0.13,67
109/10/23,888,40840,46.01,46.02,45.87,45.98,-0.38,186
109/10/26,1180,54680,46.35,46.4,46.26,46.36,0.38,94
109/10/27,840,39152,46.6,46.63,46.55,46.57,0.21,88
109/10/28,734,34365,46.88,46.88,46.78,46.83,0.26,110
109/10/29,820,38337,46.8,46.8,46.64,46.66,-0.17,89
109/10/30,782,36380,46.42,46.64,46.42,46.61,-0.05,63
109/11/02,951,43772,46.04,46.11,46.01,46.08,-0.53,147
109/11/03,697,32266,46.26,46.4,46.24,46.33,0.25,70
109/11/04,787,36434,46.11,46.88,45.8,46.61,0.28,139
109/11/05,1207,56961,47.13,47.35,47.12,47.31,0.7,192
109/11/06,1147,53931,47.07,47.11,46.95,47.06,-0.25,122
109/11/09,1231,57152,46.51,46.51,46.3,46.46,-0.6,178
109/11/10,1132,51710,45.69,45.76,45.6,45.75,-0.71,333
109/11/11,1376,62203,45.31,45.32,45.06,45.12,-0.63,504
109/11/12,145,6602,45.28,45.53,45.28,45.49,0.37,111
109/11/13,230,10589,46.15,46.15,46.01,46.15,0.66,161
109/11/16,178,8198,46.08,46.13,45.91,46.11,-0.04,117
109/11/17,382,17455,45.84,45.85,45.62,45.67,-0.24,257
109/11/18,206,9502,46.05,46.19,46.05,46.16,0.49,98
109/11/19,345,15963,46.2,46.35,46.2,46.35,0.19,85
109/11/20,866,40383,46.63,46.73,46.63,46.67,0.32,151
109/11/23,713,33385,46.86,46.91,46.75,46.8,0.13,97
109/11/24,672,31235,46.49,46.51,46.33,46.43,-0.37,145
109/11/25,768,35346,46.04,46.05,45.94,46.05,-0.38,207
109/11/26,688,31669,46.01,46.07,45.97,46.07,0.02,79
109/11/27,559,25806,46.2,46.26,46.15,46.19,0.12,80
109/11/30,910,42184,46.35,46.46,46.33,46.46,0.27,111
109/12/01,460,21368,46.48,46.48,46.39,46.48,0.02,98
109/12/02,840,38463,45.74,45.84,45.71,45.84,-0.64,429
109/12/03,767,34916,46.0,46.0,45.38,45.38,-0.46,469
109/12/04,500,22738,45.52,45.54,45.32,45.33,-0.05,258
109/12/07,925,41477,44.75,45.1,44.74,44.83,-0.5,604
109/12/08,457,20584,45.0,45.14,45.0,45.07,0.24,162
109/12/09,544,24488,45.08,45.12,44.96,45.0,-0.07,253
109/12/10,520,23491,45.09,45.21,45.09,45.17,0.17,278
109/12/11,731,33174,45.33,45.43,45.33,45.43,0.26,185
109/12/14,1164,52828,45.46,45.46,45.31,45.31,-0.12,212
109/12/15,1181,53624,45.32,45.52,45.32,45.5,0.19,129
109/12/16,1049,47459,45.29,45.29,45.1,45.2,-0.3,139
109/12/17,1471,66358,45.12,45.16,45.0,45.16,-0.04,147
109/12/18,1263,56975,45.11,45.19,45.0,45.19,0.03,110
109/12/21,1096,49392,45.19,45.19,44.95,45.06,-0.13,124
109/12/22,629,28380,45.06,45.17,45.06,45.16,0.1,89
109/12/23,612,27778,45.45,45.45,45.29,45.29,0.13,117
109/12/24,845,37969,45.0,45.0,44.84,44.92,-0.37,318
109/12/25,428,19260,45.05,45.1,45.02,45.05,0.13,52
109/12/28,604,27197,45.14,45.14,44.9,44.93,-0.12,181
109/12/29,545,24479,44.93,44.97,44.9,44.94,0.01,131
109/12/30,520,23377,44.96,45.05,44.91,44.95,0.01,133
109/12/31,1277,57468,44.95,45.05,44.94,45.0,0.05,192
110/01/04,651,29257,45.27,45.27,44.89,44.99,-0.01,311
110/01/05,273,12285,45.0,45.0,44.85,44.91,-0.08,178
110/01/06,1529,67819,44.82,44.82,44.1,44.2,-0.71,955
110/01/07,1164,50710,43.78,43.78,43.4,43.44,-0.76,862
110/01/08,817,35249,43.34,43.34,43.05,43.14,-0.3,641
110/01/11,301,12992,43.14,43.23,43.08,43.23,0.09,212
110/01/12,406,17460,43.13,43.13,42.99,43.08,-0.15,306
110/01/13,298,12852,43.13,43.26,43.08,43.13,0.05,183
110/01/14,374,16284,43.53,43.66,43.38,43.47,0.34,207
110/01/15,706,30592,43.35,43.48,43.27,43.48,0.01,214
110/01/18,360,15623,43.5,43.5,43.4,43.5,0.02,192
110/01/19,427,18479,43.47,43.47,43.18,43.25,-0.25,262
110/01/20,329,14290,43.38,43.4,43.35,43.38,0.13,145
110/01/21,216,9370,43.39,43.45,43.39,43.4,0.02,104
110/01/22,200,8622,43.13,43.19,43.02,43.13,-0.27,177
110/01/25,594,25710,43.23,43.3,43.23,43.27,0.14,120
110/01/26,385,16847,43.67,43.8,43.67,43.8,0.53,220
110/01/27,560,24470,43.79,43.8,43.66,43.77,-0.03,119
110/01/28,316,13892,43.93,43.99,43.83,43.99,0.22,257
110/01/29,439,19166,43.67,43.82,43.51,43.79,-0.2,159
110/02/01,508,22049,43.55,43.55,43.36,43.38,-0.41,332
110/02/02,636,27501,43.38,43.38,43.21,43.22,-0.16,204
110/02/03,328,14105,43.18,43.18,43.0,43.06,-0.16,312
110/02/04,1221,52036,43.06,43.06,42.57,42.6,-0.46,512
110/02/05,274,11675,42.6,42.72,42.6,42.7,0.1,170
110/02/17,1320,55081,42.11,42.2,41.63,41.65,-1.05,1020
110/02/18,484,20182,41.66,41.89,41.65,41.67,0.02,342
110/02/19,956,39606,41.67,41.67,41.3,41.37,-0.3,465
110/02/22,1333,54234,41.37,41.45,40.53,40.54,-0.83,1015
110/02/23,394,16021,40.6,40.7,40.56,40.63,0.09,320
110/02/24,515,20870,40.6,40.63,40.4,40.51,-0.12,406
110/02/25,1193,47449,40.3,40.3,39.59,40.04,-0.26,1134
110/02/26,1459,57608,40.02,40.02,39.29,39.53,-0.51,1042
110/03/02,962,38564,40.11,40.22,39.83,40.22,0.69,431
110/03/03,654,26073,40.22,40.22,39.82,39.89,-0.33,299
110/03/04,526,20723,39.75,39.75,39.36,39.5,-0.39,440
110/03/05,713,27909,39.3,39.3,39.08,39.1,-0.4,590
110/03/08,287,11274,39.4,39.48,39.19,39.46,0.36,222
110/03/09,745,29804,39.49,40.15,39.48,40.02,0.56,412
110/03/10,328,13183,40.3,40.3,40.15,40.28,0.26,292
110/03/11,512,20509,40.28,40.28,40.0,40.04,-0.24,290
110/03/12,805,31958,39.88,39.88,39.65,39.66,-0.38,463
110/03/15,921,36051,39.5,39.5,39.01,39.09,-0.57,667
110/03/16,198,7783,39.33,39.42,39.32,39.4,0.31,169
110/03/17,224,8806,39.36,39.41,39.31,39.4,0.0,168
110/03/18,1704,66346,39.16,39.17,38.8,38.86,-0.54,1111
110/03/19,596,23239,38.87,39.19,38.87,39.14,0.28,276
110/03/22,466,18367,39.2,39.5,39.19,39.5,0.36,284
110/03/23,558,21962,39.45,39.58,39.23,39.5,0.0,293
110/03/24,629,25215,39.9,40.19,39.9,40.19,0.69,423
110/03/25,411,16450,40.09,40.1,39.94,40.08,-0.11,320
110/03/26,325,12990,40.04,40.04,39.93,39.99,-0.09,204
110/03/29,454,18098,39.97,39.97,39.75,39.9,-0.09,320
110/03/30,762,30012,39.48,39.48,39.24,39.32,-0.58,551
110/03/31,234,9264,39.5,39.63,39.5,39.59,0.27,195
110/04/01,1117,44113,39.43,39.65,39.35,39.65,0.06,220
110/04/06,426,17027,39.9,40.0,39.81,39.99,0.34,282
110/04/07,401,16027,39.94,40.0,39.89,39.92,-0.07,295
110/04/08,692,27528,39.81,39.82,39.73,39.77,-0.15,347
110/04/09,471,18881,40.02,40.12,40.01,40.02,0.25,272
110/04/12,887,35565,40.02,40.13,40.0,40.08,0.06,224
110/04/13,956,38171,40.0,40.0,39.85,39.89,-0.19,436
110/04/14,696,27951,40.19,40.25,40.09,40.09,0.2,224
110/04/15,562,22517,40.09,40.09,39.99,40.03,-0.06,255
110/04/16,333,13394,40.28,40.31,40.15,40.17,0.14,204
110/04/19,491,19746,40.28,40.33,40.15,40.2,0.03,540
110/04/20,844,33576,39.91,39.91,39.71,39.72,-0.48,697
110/04/21,195,7800,39.99,40.0,39.91,39.94,0.22,196
110/04/22,1227,49249,40.15,40.19,40.08,40.19,0.25,731
110/04/23,275,11037,40.23,40.23,40.11,40.14,-0.05,149
110/04/26,740,29579,40.14,40.14,39.88,39.94,-0.2,563
110/04/27,668,26607,39.8,39.86,39.79,39.8,-0.14,506
110/04/28,1000,39499,39.59,39.62,39.43,39.44,-0.36,676
110/04/29,285,11247,39.45,39.45,39.37,39.44,0.0,211
110/05/03,1902,75099,39.44,39.53,39.4,39.4,-0.04,417
110/05/04,2014,79699,39.58,39.63,39.5,39.62,0.22,331
110/05/05,329,13089,39.75,39.87,39.75,39.84,0.22,211
110/05/06,446,17777,39.9,39.9,39.84,39.89,0.05,187
110/05/07,595,23724,39.9,39.92,39.82,39.92,0.03,262
110/05/10,955,37594,39.45,39.45,39.3,39.39,-0.53,553
110/05/11,510,20032,39.3,39.35,39.25,39.28,-0.11,366
110/05/12,1015,39761,39.2,39.22,39.12,39.17,-0.11,430
110/05/13,784,30408,38.9,38.9,38.75,38.83,-0.34,552
110/05/14,197,7633,38.83,38.89,38.78,38.88,0.05,201
110/05/17,486,19015,38.81,39.21,38.81,39.18,0.3,260
110/05/18,309,11991,38.82,38.82,38.71,38.74,-0.22,344
110/05/19,429,16571,38.75,38.75,38.56,38.62,-0.12,314
110/05/20,136,5268,38.6,38.68,38.6,38.64,0.02,123
110/05/21,186,7234,38.94,38.94,38.82,38.87,0.23,86
110/05/24,698,27163,39.05,39.08,38.9,38.92,0.05,143
110/05/25,581,22662,38.98,39.02,38.95,39.02,0.1,175
110/05/26,412,16190,39.3,39.36,39.17,39.27,0.25,163
110/05/27,446,17524,39.29,39.36,39.19,39.25,-0.02,117
110/05/28,288,11257,39.2,39.2,39.01,39.03,-0.22,204
110/05/31,560,21798,39.04,39.07,38.85,38.89,-0.14,320
110/06/01,671,26050,38.99,38.99,38.79,38.86,-0.03,222
110/06/02,194,7563,38.83,38.97,38.81,38.97,0.11,115
110/06/03,200,7821,39.08,39.08,38.96,39.03,0.06,118
110/06/04,253,9855,38.96,38.99,38.94,38.99,-0.04,157
110/06/07,344,13454,39.07,39.25,39.07,39.25,0.26,177
110/06/08,891,35043,39.25,39.38,39.25,39.36,0.11,144
110/06/09,522,20651,39.47,39.67,39.47,39.63,0.27,239
110/06/10,491,19598,39.85,39.94,39.85,39.91,0.28,282
110/06/11,372,14878,40.03,40.11,39.98,39.98,0.07,307
110/06/15,598,23805,39.96,39.96,39.75,39.82,-0.16,481
110/06/16,673,26644,39.7,39.7,39.51,39.51,-0.31,420
110/06/17,325,12853,39.49,39.63,39.49,39.6,0.09,207
110/06/18,802,32370,40.2,40.49,40.2,40.47,0.87,598
110/06/21,1229,51020,41.03,41.97,41.03,41.7,1.23,917
110/06/22,908,36935,40.72,40.81,40.6,40.65,-1.05,610
110/06/23,540,22071,40.75,40.87,40.75,40.8,0.15,225
110/06/24,330,13450,40.8,40.82,40.69,40.76,-0.04,166
110/06/25,1018,41465,40.76,40.76,40.64,40.7,-0.06,234
110/06/28,707,28472,40.34,40.34,40.21,40.27,-0.43,406
110/06/29,1075,43661,40.6,40.7,40.54,40.62,0.35,181
110/06/30,328,13381,40.78,40.78,40.67,40.67,0.05,164
110/07/01,287,11708,40.89,40.89,40.68,40.71,0.04,164
110/07/02,348,14240,40.9,41.04,40.9,41.04,0.33,224
110/07/05,419,17238,41.25,41.25,41.08,41.12,0.08,334
110/07/06,241,9876,41.1,41.1,41.01,41.07,-0.05,221
110/07/07,1053,43850,41.6,41.72,41.58,41.66,0.59,456
110/07/08,786,33139,42.09,42.23,42.09,42.23,0.57,487
110/07/09,524,22023,42.19,42.2,41.88,41.93,-0.3,472
110/07/12,469,19535,41.8,41.8,41.65,41.71,-0.22,321
110/07/13,436,18142,41.63,41.68,41.56,41.6,-0.11,294
110/07/14,421,17409,41.45,41.45,41.34,41.35,-0.25,318
110/07/15,774,32383,41.74,41.96,41.74,41.88,0.53,238
110/07/16,374,15716,42.0,42.08,41.97,42.0,0.12,233
110/07/19,530,22430,42.26,42.4,42.26,42.34,0.34,348
110/07/20,832,35790,42.92,43.18,42.89,43.1,0.76,543
110/07/21,334,14287,42.67,42.83,42.6,42.79,-0.31,267
110/07/22,572,24169,42.32,42.33,42.19,42.19,-0.6,477
110/07/23,562,23821,42.3,42.49,42.3,42.45,0.26,298
110/07/26,404,17183,42.5,42.61,42.47,42.61,0.16,235
110/07/27,304,12867,42.37,42.37,42.27,42.28,-0.33,259
110/07/28,857,36466,42.51,42.67,42.51,42.64,0.36,252
110/07/29,384,16312,42.6,42.62,42.44,42.44,-0.2,223
110/07/30,352,14917,42.44,42.45,42.31,42.38,-0.06,178
110/08/02,430,18237,42.38,42.48,42.37,42.48,0.1,233
110/08/03,561,24004,42.61,42.9,42.61,42.88,0.4,366
110/08/04,282,12053,42.88,42.88,42.7,42.78,-0.1,222
110/08/05,353,15082,42.75,42.83,42.65,42.69,-0.09,249
110/08/06,500,21269,42.52,42.55,42.47,42.51,-0.18,366
110/08/09,676,28315,42.0,42.0,41.85,41.9,-0.61,600
110/08/10,319,13346,41.88,41.88,41.67,41.81,-0.09,269
110/08/11,583,24181,41.5,41.56,41.35,41.42,-0.39,489
110/08/12,211,8740,41.49,41.54,41.43,41.48,0.06,152
110/08/13,245,10168,41.48,41.59,41.46,41.59,0.11,150
110/08/16,534,22572,42.2,42.35,42.13,42.29,0.7,339
110/08/17,209,8778,42.13,42.13,41.95,42.03,-0.04,158
110/08/18,380,15953,42.07,42.1,41.94,41.94,-0.09,318
110/08/19,512,21594,42.11,42.25,42.06,42.23,0.29,361
110/08/20,1236,52615,42.41,42.66,42.41,42.63,0.4,457
110/08/23,279,11843,42.59,42.59,42.39,42.43,-0.2,194
110/08/24,300,12696,42.43,42.43,42.32,42.34,-0.09,167
110/08/25,370,15617,42.27,42.27,42.12,42.16,-0.18,212
110/08/26,367,15342,41.9,41.91,41.81,41.89,-0.27,259
110/08/27,242,10153,41.96,42.0,41.93,41.98,0.09,109
110/08/30,188,7892,42.12,42.12,41.99,42.06,0.08,136
110/08/31,151,6357,42.08,42.15,42.08,42.11,0.05,99
110/09/01,744,31016,41.8,41.8,41.6,41.67,-0.44,510
110/09/02,234,9796,41.83,41.9,41.83,41.85,0.18,136
110/09/03,159,6661,41.93,41.99,41.87,41.87,0.02,117
110/09/06,566,23505,41.62,41.62,41.49,41.5,-0.37,474
110/09/07,476,19739,41.67,41.67,41.4,41.49,-0.01,260
110/09/08,326,13488,41.44,41.49,41.33,41.49,0.0,235
110/09/09,122,5088,41.59,41.69,41.58,41.69,0.2,116
110/09/10,208,8722,41.91,42.03,41.85,41.85,0.16,132
110/09/13,153,6375,41.8,41.86,41.66,41.81,-0.04,127
110/09/14,113,4737,41.81,41.92,41.78,41.91,0.1,90
110/09/15,499,21102,42.18,42.31,42.18,42.28,0.37,274
110/09/16,325,13706,42.28,42.28,42.17,42.25,-0.03,130
110/09/17,182,7656,42.25,42.25,42.12,42.16,-0.09,100
110/09/22,346,14646,42.38,42.38,42.25,42.26,0.1,196
110/09/23,502,21384,42.56,42.68,42.55,42.58,0.32,249
110/09/24,1187,49420,41.67,41.72,41.53,41.63,-0.95,668
110/09/27,474,19638,41.48,41.51,41.37,41.5,-0.13,313
110/09/28,1149,47500,41.48,41.48,41.21,41.22,-0.28,669
110/09/29,1061,43165,40.7,40.85,40.6,40.84,-0.38,661
110/09/30,417,17104,40.91,41.08,40.91,41.0,0.16,198
110/10/01,355,14585,40.96,41.17,40.94,41.1,0.1,223
110/10/04,302,12410,41.06,41.12,40.96,40.98,-0.12,234
110/10/05,276,11365,41.02,41.21,41.02,41.1,0.12,205
110/10/06,729,29564,40.51,40.7,40.44,40.54,-0.56,536
110/10/07,441,18010,40.84,40.84,40.74,40.75,0.21,196
110/10/08,241,9788,40.54,40.56,40.51,40.56,-0.19,241
110/10/12,151,6127,40.56,40.62,40.49,40.55,-0.01,163
110/10/13,340,13965,41.06,41.11,40.92,40.96,0.41,197
110/10/14,370,15241,41.22,41.28,41.19,41.21,0.25,167
110/10/15,337,13925,41.38,41.43,41.28,41.34,0.13,163
110/10/18,237,9747,41.16,41.21,40.99,41.06,-0.28,177
110/10/19,181,7468,41.4,41.45,41.23,41.23,0.17,117
110/10/20,1187,48128,40.5,40.63,40.45,40.62,-0.61,426
110/10/21,586,23617,40.38,40.43,40.27,40.41,-0.21,462
110/10/22,128,5190,40.41,40.48,40.32,40.44,0.03,150
110/10/25,157,6401,40.82,40.82,40.68,40.71,0.27,157
110/10/26,132,5353,40.71,40.71,40.58,40.64,-0.07,181
110/10/27,375,15327,40.77,40.89,40.77,40.85,0.21,140
110/10/28,1183,49192,41.57,41.65,41.54,41.58,0.73,499
110/10/29,440,18207,41.54,41.54,41.12,41.17,-0.41,281
110/11/01,805,33438,41.43,41.65,41.42,41.58,0.41,350
110/11/02,747,30899,41.47,41.48,41.31,41.44,-0.14,191
110/11/03,569,23707,41.52,41.7,41.52,41.66,0.22,245
110/11/04,512,21021,41.19,41.19,41.0,41.08,-0.58,413
110/11/05,416,17301,41.48,41.6,41.47,41.53,0.45,207
110/11/08,859,36067,42.0,42.07,41.95,42.04,0.51,444
110/11/09,619,26064,42.04,42.26,42.04,42.11,0.07,314
110/11/10,537,22768,42.38,42.46,42.38,42.39,0.28,305
110/11/11,462,19348,41.92,41.92,41.75,41.89,-0.5,256
110/11/12,120,5025,41.81,41.94,41.81,41.93,0.04,102
110/11/15,283,11809,41.73,41.73,41.61,41.71,-0.22,285
110/11/16,693,28429,41.11,41.12,40.94,41.12,-0.37,497
110/11/17,675,27562,40.87,40.87,40.77,40.8,-0.32,653
110/11/18,415,17070,41.14,41.15,41.05,41.12,0.32,177
110/11/19,238,9784,41.19,41.25,41.08,41.1,-0.02,144
110/11/22,478,19871,41.56,41.57,41.46,41.55,0.45,236
110/11/23,402,16571,41.24,41.24,41.11,41.15,-0.4,258
110/11/24,576,23593,40.94,41.05,40.86,41.05,-0.1,210
110/11/25,156,6407,41.08,41.15,41.08,41.12,0.07,110
110/11/26,889,36948,41.47,41.78,41.4,41.78,0.66,399
110/11/29,910,38162,42.0,42.0,41.87,41.98,0.2,357
110/11/30,665,27883,41.88,42.15,41.8,42.06,0.08,271
110/12/01,2060,86966,42.28,42.3,42.12,42.2,0.14,373
110/12/02,1046,44561,42.67,42.71,42.5,42.53,0.33,456
110/12/03,1231,52560,42.69,42.77,42.64,42.64,0.11,292
110/12/06,849,36529,43.0,43.14,42.98,42.99,0.35,416
110/12/07,440,18703,42.6,42.6,42.45,42.5,-0.49,199
110/12/08,234,9934,42.48,42.48,42.36,42.45,-0.05,151
110/12/09,822,34236,41.72,41.82,41.57,41.78,-0.67,481
110/12/10,294,12316,41.89,41.92,41.8,41.83,0.05,154
110/12/13,352,14677,41.71,41.8,41.59,41.8,-0.03,199
110/12/14,602,25538,42.48,42.48,42.41,42.43,0.63,254
110/12/15,722,30595,42.37,42.4,42.32,42.38,-0.05,140
110/12/16,526,22123,42.09,42.19,41.98,42.19,-0.19,172
110/12/17,366,15448,42.15,42.25,42.12,42.2,0.01,129
110/12/20,818,34819,42.49,42.71,42.45,42.69,0.49,382
110/12/21,354,14940,42.28,42.3,42.16,42.22,-0.47,225
110/12/22,389,16349,42.09,42.09,41.95,42.09,-0.13,230
110/12/23,268,11307,42.24,42.24,42.06,42.07,-0.02,88
110/12/24,376,15747,41.84,41.91,41.83,41.89,-0.18,290
110/12/27,395,16523,41.88,41.88,41.79,41.81,-0.08,268
110/12/28,234,9771,41.77,41.85,41.77,41.85,0.04,151
110/12/29,358,14925,41.79,41.79,41.69,41.72,-0.13,351
110/12/30,1338,55168,41.5,41.57,41.15,41.22,-0.5,826
111/01/03,1128,46850,41.52,41.6,41.48,41.57,0.35,285
111/01/04,2901,118274,40.74,40.83,40.72,40.78,-0.79,1658
111/01/05,2605,105539,40.7,40.7,40.34,40.43,-0.35,1285
111/01/06,2331,93628,40.42,40.42,40.01,40.04,-0.39,1508
111/01/07,964,38772,40.15,40.27,40.1,40.2,0.16,505
111/01/10,1893,75630,40.1,40.1,39.85,39.9,-0.3,1506
111/01/11,2094,84255,40.12,40.34,40.12,40.34,0.44,1204
111/01/12,2368,95519,40.4,40.4,40.28,40.33,-0.01,1292
111/01/13,1424,57149,40.22,40.22,40.03,40.18,-0.15,1035
111/01/14,1582,63747,40.25,40.36,40.25,40.35,0.17,824
111/01/17,3958,157383,40.0,40.01,39.65,39.75,-0.6,3235
111/01/18,1628,64630,39.76,39.76,39.69,39.7,-0.05,1313
111/01/19,2427,95395,39.55,39.55,39.22,39.31,-0.39,2445
111/01/20,1066,42169,39.45,39.64,39.45,39.5,0.19,853
